BEmUSjqs7mpgaSXw6QdrePfTsD8aQHbdtnqUxa63La6E,4KcF6R2x1iVRE2PmrwJeqffKPjov54Ks3GVhMyXRwZjfg7uoFAiMiraN1FcyKzygC7VMwbZQtLKEWi9vuiBYV6is,1727074289
8VUPc3zJTqSbqYf26GtciL2DByb2kWA1W7s1N9Uyhsuk,2VoeT4MNbKZJv2pfu2V4G7rbeg1SAkpdHy6JziCwi8n7697LsEq4Pz4TkgD38mVq8CyzgLjbxEPmaaoDoaw5XegG,1727074246
BUJjbJBu5kkxZGQNxx5QLXdyxx5HThht2NepcDZJ1P2f,66s8L8duX1bfPg8WokSoNvpvZAtvEor85t2ZJshp1r61oKcAinYQLKfYm9mpbU7Y6QtccxGGEn2bJ3G9ziUVzA7U,1727074384
FkdDHrM8j8psKbxuwjV1jBKCM2JGPygkj7WCX8sSCzNm,539APy4TrrTkbZ9STdsbdPghabiyhSEv9SjUczY4EuGgza7xerZeK2aQn5MPHTLiXCyhAf1Eo1ccX2KWDWADg6Gu,1727074415
AmbcqD1BDrREBGHtRgcCjVe5JsEFTQ8T2r4Hi82ETP9e,4Q4WZyooveWJ8mHyZJoncNc6kmhAir62AQwLBLQnVMh1Uq7TRDsV6V8XeW6nGKFxzpiTDggj95hESe91nZwf1x8T,1727068827
3tnoA2xJ2gc7oGQXToPR5UeWVxkU2E69H645PcHsY66u,56FUZ9M89yVWqigGAo8w39K9ApNbdjMJfTWyNNmVsGRTDgnQaAR74m8AQ7VR88RwFfqcvFDFHz8n6vAR5TRm2HiV,1727074384
8m38wz6YcoecKP71t7w57J5dMiWqLhrS722B4mexbY5u,4fy74YG9NdfN5t279WPFsLEr5tkYWv84nVM7tGmT47p7i4mfyXgzvPXH5NfSZLYwNHJWh3M9TpL2xD3tz9F7SF7q,1727072285
DydHzLkBmp8fAfTHhnYXjsdijgew5ZLX6MbqnZ64zYLr,245iCB7oXdQ7o9Tc2hJQxHrMdk84iEESD7ADMRiSsEj8afbpBuNs2t4S2csWRgtpmthEomUfDqLFUgLs5GGJsuto,1727074112
xGexTsXWrM6nrXErxrwS4u877EUKiHbXMiVe5rhVxbv,61w8b7C2cSraL7E5PkMzL6bQktq3EqNeCcWEXAyfHKw1iGc4nEwktr5i3ymw6Nk4reLwcY8i1hZ4h1TT4oMiJcBV,1727074904
4qWht7gPqJSZtXkKFPG2F1SiU3rF9mLyGGkBpc65x89A,2Xtr32mZyytsyGTDVhXWP4NP1jsJmaR21TsntgeQohtJyeULy32JVDqbMuT51hGoBJ3adRNtjfNv1XDswtyKQS5Z,1727074920
ANwWDBtanRCF895L5SgjY79AQKJXwG5LdKYfTmQC1pnf,4r83BfzVfdidDQW7NsvEi7Ui1daSLaTGgP6qvk9jKceeh7AR1j2zMBi4dunGNbLCtataVGeUNa7YwwRRMjo2WZtX,1727074908
YcjUULpoURFD8TVwDZC8Wsk4RbAY5L62TH3rJoaFFTk,4LfG6LgQg48mxaf7bkzdoamDeGBumbHns9DhFqEAvCLokCnSSokYSqaMwDHsWxUkRRwpFHVvo6LnZ9Qugt23gosc,1727074933
FVjmN7fDC2BmiH1mMSoVVhK9VjH36xKhiUHt5HDc1r4t,fKT8WvCUizRusF4no5T9YhZs2c2hundztE2RunE9w6g8g8dcL96dgozvfmvgbLk5ve5AVC1TuUSGepxRpZFKCA5,1727074986
Gn96hdr1mboNUMuPEg2DBmJNvwxJf8Z51hGahVNdkSxT,2m5McdKS7yMn9pfNpapLPvZSdJbh3JHusUWb5QaWTLp1k7iudCfgBh4m92R74EaTcpCxW14U7caa4fPhSQCVgBWW,1727075021
CVyXpJN1X3UQpgtV2YvmSkcSK4YLZHEY1ycRHcz7eiid,3fY9of79N7mSETjJ3F1gfL2tGbzFhoPM9fn1PFzHgQe9YYKa3x2c1Jrng36HY6Eq95RtzUUUQqQbo9L1gDmkQjkZ,1727075033
3xd4LGVWtYXLBspR6X5JWbW49NXmEehfPtX6Kqx98b4w,dwtxhE7Tdro6K75gqzivrAXVyGrC2R2wHPMJnE64ZqimY6hkhyeuJVnTYUXEC3NBSy8dQ8LSbTdrdnyA5yY5MYT,1727075051
DrdCYPjXsixUnNofJgvqGnSciN3TpTT5UPfMM6YQCsVc,39gLJd5ydmsMm57MpXZqmfQiftUzHjQhddypWyJVRB2uZBHwE9oxDgvv2VKrLPm6WNScVNXxNufHeqx2g1vs9e4c,1727075082
FaoqbZtEnpfSpbSm86VLcwSKiqgWAPfnkPeaEWvFJ5ec,2dECDDSGh2DXY3iMqDWLTCYd6sCqejjdVLqswUHooXNR64NZv2jeRxcJfq1QVoEuUvJXFxyp5FFujGcZR9yuytNS,1727075023
CBD411t631MTwzpL1xAmFDNvjdEsq1rKUgVd4UtXQVyW,3nojyNiqKhphUonJSksrTkrBfC7HTKduAjAjkS8CVMBFmPYx5yDoD32abN29n3ahkLcNsLk8kG12XyuAijBKzjbg,1726649763
5MbKpETNTSNQGQb2koiLp1tT5tfuCKa1fyRHLUbbh45K,4tpo9xUKpKJpbpfz5N9a6LXnQ8BUtRdHzrPkbLv3yffDf2N8UGmh8EJC2twzcXJoNGj8CNavE4Ja4oSYP6JH2rW,1727075137
95PWQYG96KmCvrAy52c8rJBKm85kTtdrbkdNaBaGBAnr,4PrMYLk69YKhQZDYS3V1dRMb1hiLyk11boUDtJ7wqLPfmE9RrY3bmXiMSxZijRnex5qJsJ3Gjax8YAy3UEUPi6bq,1726491695
FNhXiuRh8hK3ruuniybffmx9fYtQSeTPQ9piMtEzeD3w,4vuGoJJgyGH7h7v249mzYCLCkwqhzZNmZKWvzYuVvMvwyGc6tsQzLvNDxRBD6WXNX4waGArG53qZH8bWWykwBpcv,1727074880
KLeePHjXpUeJdyzB1fGueHs68ZiLAWaBeMWDKtbE5Ww,2f14q5w5UsXVoMnAaoziL1iNZxyvuUpgZceof2fjDZcqq1MFxRSiiAFKj3Akn9uQfND7arK95CXyxpF6UuVhqP56,1727075300
3bor7nUUKP58SxrwmWatpRS212eyETKCykgJz58jYC61,2rAYyQtLE2R94yCFoEXFaMpzSpb7feMi9MCu4sUii8tJ2pkAdPh25YuLnhPKkJZspcyaLNcnBQGzQxD9JNioGjRV,1727075406
8jUrgaVcBzyxDNHnT9GPi7sCjzkpwUqzU7Hr222HC62y,3kDTxNntsDxMbP4m9Chxsq3gvLRXJSGtNctxkdLd6xLSbPWdWosMvkidQXu9o1v1b3p7ek8BrXG43fo6n5fc9X1V,1727074607
Ax8SoPDJxvgMhkp6mFrYX3324NVGWfJ5iUiZ6oGsbuRt,5XEwLLt9cqWeMZdNKnPUuPCpXFrfgCkiZf12XMEsV51GktUhnWQiJAWzXPiqKeGTagFCMfwBwTVxqDxAcbmgGnVF,1727075451
CEQ3qwSRJxggCQQobqk7a8X9AStctAZS4371xMufrvvC,dF21cj6HtrGW3mhdherDuKqRSyDzhBgdsmHMnLapRpRZ1RiQGQPDsshqvJGaFij6XADhWzpRyz43qexzhWVxs1F,1727075446
3Cf6RJQrCsaKqZ2Hh9MX5zmZBTvoNP89VW6LaoLacSiC,3rP4r9CkRmCKPN3JD1wLjTrR1xd7K29npHCwDXfjSD5vAicx9fXcKjCnFCkc2r1JNEHuWZDZhq7HQ8a3FbUFgs3n,1727076375
AUnFv9uW1hpUH9QkvJiGfzEiTkfrsU2BaF7aX855b6Gq,JTuKhhmnd97Bn2K7tM6RDrtphGRgMV8LNShWhiYrKT3vMy73GEAdyQZCXwF7rjN4zEi5WvKJB6u6zxPeFfJ9qFH,1727076351
949LnuSLajRmJZySu7Kit2oK6x1kdZNLeWahniLoPpnn,8iWwd4Qx4bHsdaBmF8B3DEEXGtX3ypSGAVEqSNijDiBMqsrMBDHVK2UggxuSbudzC77WazF6vDAzNMwjCgqBRqL,1727076329
DemopzRfMHVjhR9RCPnhg45CtSt85uvSbxgTgN9Sq4Px,DRYKinHMrxwD6K5bP2rG6q3FgeLjoHewANCSxntcnbmKw8DK684xH9Y4Z7DeszekA8zA1XhH1jArsk5sufHGdXL,1727054566
2QfBNK2WDwSLoUQRb1zAnp3KM12N9hQ8q6ApwUMnWW2T,4qLRbrmj2zSfxegnFjLhZycWjTy2zwKZkaKeiZDCqa22RY4k9wv6ZyvNa7ZRRKNH7Eh1o9R9oX4KxtMeiRcLVn4M,1727077318
EZvyYN1Q98yPJXh8FCTx94ZYFeo6wtJ544hKdAF72QyU,1kKBcKdftNuNVDtZkuYo1AyqatipjwbjjoCKP9VVLHG1TNt6AMwQ1Dtp6tgC2UHah8s1sQmMHncnYe1oG2mEp2B,1727077306
8v36dUV3GvbPXiA3WaycgN2MKGDUnAh3t4oU9LUbXJif,65DKtQ2BEY6WsShn1v6kBeyN92Qchi7AA4cxTZLMLCikEQhbMg2NVqBn7i9Y5X4uVGdQM2pLmrxj13Rx6xJV1PQQ,1726181892
HvFdDWS3RqymRAVx1ZdoL2RjiC38r5dtt19Z8op5jqDK,4gNMLFHMNFqANo9aXERGgZo2TyxmZzFBBoU2JpuhNqLBhmUdq96UMhaDwcc6D2VvGadbUsX4gF9UfJWVhMGJkkbX,1727077425
CyiUQFKnbKG4KGwNfEg86zJfw8cizD6QxWtiPQLkrQbw,QNfvi67TSJ8eGFDx14D9v1XMFVsnKkbH8k9ZkYL8cpGgMakbDfqcNxLePHw6J5y89BDYs6KZC5NC5j4yDbBo2NQ,1727077449
2aSCMZkhFDHDM3bnfViZ3S8BaA4ghYAVRM8havRwv3vD,3ki78d98ur7WtdbEGCWtwHg7ncqKYTeXWvxeeUR1FAR6Pjf7ktsEsHEedFrw323Kpe5Wdua71V2wGMvPPNi3z76n,1727077846
Fx7S2aR66rrn3sGe5Cvy5nHgib76fYcuE3bu1zEToPiM,Bw8FgzVK5Pi9PgxHDPzCPaa96Up7CHf5FidmXxTM15hjH9ja31wNTo9ANReaDuCP2dyW2eSzTVdM9ASqv3DjJbe,1727077853
kitrFdc3LuHJPuEstuyP7a9XsYo6DCeEBjeW6AasXxV,2Rx8gZJ6W7iHk9ENyXoeKrarZYmoTaYDDupxEb9h5kYVB4xh6g2u6EPwVnuxUxq7jq8nKkMsCAN1LJXF3ZyhbQJX,1727078005
H3SsPcVhZWhRyupU87Hn95WrJaYdz4rWNpdaiS4BSwmm,4vXNBur8xWzvSYkMuLB9yUUiTNQ4erAqdRGaeCDZdWGgsEtBvXqivi2PpSP4FM4GsoxEPBMcmsjz3NSKc1w3E1oq,1727077882
DbZcujH9hMj5aULYjZeQLibwzfEJSguN5bMYYMUFRufW,22U4QNQfBBiKK9SHzPmEAYikvnUUE5DH87JxjV4z8z6QAC6GJg3jocbbfzgnpyEmCqAGBokxbyRmscxRbDgbYRB6,1727073579
GkCYtPhB4CEfYbxYHKXfiMN7aaJqiLaSxLGGCY88oSTo,5npo7MmayArr6jW7yiCKjJNzt9rFAjbp9KA2KDXucxoX5CwjMtreierZ9ZXLoagTXwRSFkhScGierLa5pLAq7bGC,1727053300
sp1fGHhrcqZ7aoRaQkDCvN92KPiYGaghqFoVqbM97wV,4jdTCMCY4sgnvpjBGrNpvCaLFYd1ZoWEPXqS7bGvBPxRhNe71qqdLwbQ68CdxFrsMtDef6H3DpVGe3vgyCiPtGn6,1727078161
Eva1VtqC9MXA5hCJBXHBLNG5fy1iJsu2he34PpVL7eoP,43JDy5apTddHZP3Ck3KKey3t2JjVkjoY1obPr93GiZysJ7wvPg8HwJ7t7ze8cvnsoEq4fwpSgUJ739MeYNPhBmFS,1727078186
DSmhdyaPLCYqrXAV6isUiUvnwYPi7MrYvyUiHnAMcASk,5mrcjCwk3zYAUbB7MKhX24ASJY8AjKguMB42w7hXYGEX9nYseyX8MCZQGe2GsDTs7nVecXifySM7oXWFAVUTFpvy,1727078189
bobCPc5nqVoX7r8gKzCMPLrKjFidjnSCrAdcYGCH2Ye,33SoQPg2GmjTtGmMijP6tqaXiiqiJo2zYdXVT9uaJNw3mPHu1FzEQe2M7SiCNxwbSN2GEUUFKDDYyUEzFXrNv4XV,1726973141
HzuK5PCN6gi8gaKHZwRMhXS4sJiHyUFM3dtBHXLykVQU,4NtmGkjMY29HmB7w27RAYMzbX1p9Qwn57oJhnraLjoiv5tk3TivyvNJCRNLT75qgVnE7F9Rp4a5sGaeiLuGaupwa,1727078275
6JQMDihWxi1XTNTttkWaNnwKjYhqVULvdSbN8jhFV97n,ny3euV8pknY2Xew3gkxz6pc5M1Kgx9m6hsxvuhhtK9mUf1MbGb8ox6oWWoVaZneirPB3qxTaCTh2JRHuSj2x6rR,1727078900
3LriiwPDRa6jDB7GB8ZM1SQtvNcjD2ZDavGU6tSB9ZTo,5YrX2Yogt4nMfhbQnA4h16NoLjASdrB3GWWi8ZQp4r4q437ewUWq7dDpQW31m6HbsQDGPPsBxdENKd55sEjXTdee,1726690049
F2ABsg5J6Jp8wtJVd4bUDAPUigKyf9VzNcRyABUAWXZV,4bTnXNc8mquxpD6vqrQqLr5jbfDAcYFNr58UZnmmkBYatptJvDNm3QrSmuWiC8pAnTkmEmELV3QjBvqaCXXMdcis,1727079522
SGxyiCzjUeJdBPdTTGQqp2Ltpu8gZyoAout9WEywZFt,2R26iFbyALnuGWZUZ3usHEqA1Bvpo6JqgUuf3RsmBF4mao1vmobcbXodg2KmgnpL8UjaAes9bvAAJ7CMhmaT6u43,1727079525
CM69yR9GX5E1p9B3GGLUxEGRevAwx8xXjUfBi9AEd6KS,5RE9LJ8cAqEKy4Pp59tmUcpkJ2k146g8VmeVk1qqE4pzjTwBAqr3NPzPhvYCprjJFsfedpcTaUEQEC5V3yydLnsg,1726971176
8KLZP63oUnmAgB9Nqrz49ivkUbTUZAyeE3eR8jCYSGBE,3XCrFbDQyTDyi1isQnH9wxkmasw6S4SVUHJmtnyV91qCFroTJRJ97ffPUCqXctq19dud7FE5f8HMT7DvXt2zHvAQ,1727078143
arb5vD7KeGLZpyVCFGduhnQqCk16v53qaJqaLPn3Ani,2gEawaj8LW5baJqnsDrAGUWf9Mqu1Rhh934Ax2cdjSGUa77xdLAjdK3eaKgywhxbqcqbSmoReAkmDwSEfFgUz5gk,1726878812
oMoMoM7zWWy58tCkExjonA1nnJobhHqS3UKeGYvHwLR,4kizRZPyiDh3LNkbaZRtjxo96192Q5QC58tBDk7CMtwBMEr7WEv1beK6ZX6gx9gxJtQMKYncDfcLqMTNnqJMuE3y,1727079803
J7c1AZZzcXLUxZ1gjNaW1K1UbnRmEr5QSwx7FHu2Utxs,55PoE99vZSnQge2d32BF1W1299H9etUa8W3UqKobVQr5kaTzeY8FEt2MqXCprXtxrda11yTV28MXcv1wy8tMqEX2,1727079762
CoiHeRKXED6PctQYzLaFvXkePKkDj87qB8iziYd8H4KE,96ghHXanHPX6jH5w28vZREvqK1CNkr9kLYv5xXRdXy1tHyfe2SFnN8YAZHdoRncjCF9wbXT58tws3wa6jU1WkW4,1727079838
yssJP6Te8Qu5SUUfYCNXzbxoE9tDyvN6bDHf7KuE8QZ,4jvLhySsUYV7wyzKFAAqZWdhRVm62j4AtFn8sZjCYQwuSK2pEFkizgisfwE6DKSVwoiL4KQ9nMMuntFxjotCBRPL,1727079858
2datTzoe3WrqL3NgTPiBXzNADyYah92ZQjQzqt5zebti,4c9ThEHqck7aWZhXDkL9JgruF9SomstsiaPz8WjrX1r9U911aKQRYQLqFyet5zU16mKAqz6QurG5MSvbfSKn9q4C,1727079848
Ck3ZRfM1JE9qc4uwhyaoYcEMmvSFCrPkhGymsCqF4Cro,2DKKPZgc3gMZEVv39HBk13faNWZjMiC2ydbQae14VzsD8e7Vbser8WPmsaXnHfTAxhunGv2hefy1SZLZqmHpz9zf,1727079829
Ar6csV9xXc5ZtZENzegjctZfkryLS7gPyHMHZnvArFAy,k6M4tgRhqLo4LJE11fY7Jx1zdR1Vuw7pbkZjiHDJYvhhymUMCAnzcn4CQDyhxp5smCri2cp1kjtEfTjuA44a3QP,1727078180
AS4WzN79FKrYggS8Rt6tKStC2Gp4ikodLdnkosDBcq1B,2RYGnK7XoFHcWwEMXbKiG2iZUPQYHH6zrFGENzdceybdLPycH1QG8DbdVwRmxj5SPFfCKFuPxKjKgeUkjstZRBRA,1727079903
D3K4ELAuYxK9HF93LNQ8uJi281xwMtoGG9fTnx7HyQBS,5vXF9iPRFRNazd1XQNUPRG2j3vVkZ2BPTCNVmUJaJPBXrrP1QgcR1bNbNJ2YoeKVzCPo1RMcitSSecDHfSHJJF1M,1727079954
5nM1CTQwKXFZo5yJYC8J1pgj32JW6Fx8DpQAtPZ8aiLw,5ZHjXKiyez4uJ1dzLWSJQoWkvzSpHT4ePKCa3CrpzncEXwj3hgkXWsEF6onNDJukMjBB62ZU8TnXojh1MrHrHbeJ,1727079740
HioX6amL6ZvEMiNAL7V18oJQJhrLZFw1AdbGNg1QXDPc,3iooqz1QHw6qyRHZUqCNDD77ThvUfmb5ZiEu2SMEzYbiSMKur2vPbpr4stK1bqUmy5icZu7sTxpc9hLDjhj3DYiW,1727079961
HioXnHcD9drMeQxiMsZzKHWwrYTQEsZ78NfN2MtZhvXp,5WYqFfTZnunxkdPuEYf2y5eSuyRZ3t8nauM1Xobn9yBTSrgkLfdpcgyvnftyzTKrfZMerKq9TcE1F1JmqDiMp5wA,1727079809
arb3MbJUpbPYFUBZZvJnGJbBTeR1yp1AiUjAFsu3zBk,3grUbmE26hLnCS4rRTZNF2e4GCrf8Upv2UN58HMzdYHbhXAvu8HNuHMA1ttAq9ZbE4JPR5WCqLjCXRnXEkuoT7ea,1726878993
yoinkeCWvHf8oG6iMNX7sjG2fVw99Y8d3ReYUnhzFHA,3dSi7gA49oZX9U71Y6EX3q7gbkhSRXvbUtCpfz9kAuNS1QFkqsZDLt5HsvM1w1zuJaYyqwUbAx9QXbxZb98VJ9AR,1727080190
4WbJQHEENjrFxpgS3pvvcUSd9SnJCpWvSdFFXHjdx44C,4tnrJ1jMC7WqLypod7Ehz4EpHpvxAUtnaFPawWUZ6HY1AYPQFnrJqqzY79Zq26ydhw6Yjz7ze8ZVrSE8Z4mtXzNU,1727080223
oDCAycFR1qrK2K4hNNiGw2iuuQjMb7XumGVpXvADC5Z,mhBxtBttarZ2v1VEqMbRJdKQWQrcXmsxa4rjKDqHWekgApkGe9cQH2bDT1whwNsevCo3UEvyiKqxEF3HQKyYmsr,1727080156
BS3wy7RHoCX3jxgsv7zrjb65Nrxgbv5NDGafknzTF1pz,2rtDZTeLAUs5DKBwwSvXq2b5CJtthvFSN4ibgoLDaJvAbTL31vMbRQzarGcf78Qqf1ofZrY4pAto3WfWe2dRKqyC,1727080263
BRentiWgeVVNtzMxgJwR9GhMkozjuYiFCCDuMaSS9o2,dhEP1h16T6cEQMqEMeBuJZvv4Kcp1ymarnRw8HEGhpSxcwdsYuvs9MNrNKtNct9gXiJVX67GpUBfWBbvWjyir6X,1727080263
ArbT3xG9AR7kFbU78Xs5Zfxb27YBjJPgjV4n4MYUeCZQ,26yNvNbw34e4GRCASdaNjavuXRPsaWXK39e3ErrVpNTk37qKuaxGpMKrhz4ssnieRLsMXvD6wzVhcsRFCvdm3ow2,1727080347
C6CQ8Mc8ugf2Vad9zV2xsJAVoiPyURf2rkS8G7dWa2Kv,5YhH6jahx4zi4XSgpECmqdDy93ueRuL1BzVbbiHtNUCobh11YiBZ1KUCqKKx8ZtofY37PpsLi4Gh6k3ZL8LNt6uc,1727080364
DNnyLPLT4A7BzcN2w79NERrT46ynH2XmGt3FaPrWXfwC,4i2i75X8oz9X7jsLMD1wVar2eMBETeJrZb7BHmYaGNKh4QiuDeGiCPxGRBv6DavcPfxfZ2KkZNiVboqWAuK4t76h,1727080367
BS67Qe1BjWj4hXZwK9iYNpAsjTDSVt1aMD4MwpWGkJBF,V2hK3wPmMRpDCnWe6c38Qkh7bUF7Gf5b88W5ZmL5Vbk4Xyo7uDuJobwGZP3cqEcJxvymnzbnq2ZbYnGbz4eZRmy,1727080462
HoqhhzGXRQEfBBHxYVTKueZGRFcs6DQ2JsaptGs68My4,52MU9uUz2RoXAhWFApZBQe6VGghLvYN81dSxQFhExMVcWRdMpf6gr2e4QYS3e9EcVD22n9u3CfFNpw4xv9Fkf5Rj,1727080519
piDRvJrTjrWyQT2G6FVTYLucrRXR5WSZiWe6UdDRjYZ,TrATiYZA9R2Mq1ztkeTCLDewWVdaYfXPo11qu7UdAE3KN87Tv5gqG56eGFU949T8qW2hqiVTMr1r1cYHc7BTmWP,1727080525
BS1aGEVAX6X5Xqbqs9eCCpEAigZ5wQgX43TkFC5Pjfj8,48eVBYK9Tjm5BZaYdrAwjSpXK2A8UZTYN6PPbeATtxnakoSjxnzLA8oj6D6EFKo7Ntg41tfkziLm1L1U6EgFdYqk,1727080491
BS9p8xsRzPY39b6wf1mNvbCWB2Mvn7HihisDSHt9kgQN,4DSUNaEPgYpUcKF8K9ntb2rnNT6Xq3devPSoi5SnZqMab1AZk8yTL2SWceutiHqHkUVyNgC37Da8BUqEzCTHLCuw,1727080622
BS8sLWx8d2zoxUMNA6ezc71EJKnYxCLaVfm6u7iUWLc5,4Sc9wMMCwEdp9QkvY2kTBKvySdYWL5qYnGLp2XyqsN3G1fqn44WxqrMnmrd5E6XRpsveGj2t9aRB8bkLKewQ4aoB,1727080603
BR1xxaT5DMDiWqYWjZuaZHfZNEBWuvoHxJrDkfcGc1Ad,4cJzZDNxHcZMq459HYfqF3H7DNwGN9ejEpPCEo4qhFBRfSo8Kwn3BNBdPckXn8EjnBXp7RYkRo7hDm9HbWRxSciz,1727080468
HeVbY7DnpmdPsp3dHPs9uewW1VZtzS2Ng8jf3UX5mexv,5DrjRmNhp1PuuPZQNJk7QdbJu1f3bpHcsNjmjiJk6PkNQQGAz6VKhu1PTXnNVL6quVvDPhYhJNYgAQ3PzbT4CgsL,1727081699
AvX6qiPKrmTC8aiL7mS3rgiLhK2nzwtTcGvnSGti3YBe,2MERLCDpCjPtncMRLvCQ3YTFpTtzqCndGiCUkKUwU8CpoyhwwfWChF4pXzsvqod92MyKN3sGXoYk9PsvWGdNeofQ,1726677728
quTbQgsG2wjfVw19aDcuxmpn5sLwHXmhKG2me5AKGhJ,cvKmZWTD2bjnYZMPMC8yGCx3NZXmWYJTFqw3ubgRTgAXrR8XDehtYd5m8pYoYa1tQ9Wy9XM743b8UE8RdVgc2Lo,1727081554
BS4tkxB31wPiaJFYsTU3RQfFUn5m1gMxEYecyLiDB1uG,4PppnzUh9RV65cJmhZmGhPY46xLurUuwYpdvsA4p82qx9gG1B7Rv9MHgxYCp4uddLiLSSXDyEVBughpyii3VA75d,1727080669
ER2xVBXdF1N6gW9Bw3uWrfYyYTHkxkZyCgL2PsLA4BLz,4cbaPAQVEJiTUYfJQa3fwFPHVW8iJ4VjKNQrcfD611VjS2NBc79iiuBUCPEHN5hQAm5ZXusDWY5QRj9GLHBN8FNX,1726195485
71SBnFTsWKaxwS6VHgRQ4kqogmVdmzX6gq29RnrLACcP,5hB1pcYfMJpXGeLjfRZURNGNde92M58QB7ZLj1H9NFQfUzEDzADvVjR7jJoF6c7K7W4TBwPrheujx1Hohi8xvdRq,1727081851
9rFGHnyn2Za3HUHwGj62rKSHgDc16imFSFQcfC35Q7LA,HFbabauqKhUDoQqcgez5ErZinDd1tYUdjjLbWW2cMWL2kfqxKyYm3AZWd9KQEiNXtTLqs8FQoFFv2E89T9pqC3U,1727081769
BarronCrmQmTxz3VTdRALxMGjDxHkZzDc8L4r44NnWKA,26REGJjePqZQvNiBkUmeWzbX7SEXZVnZoXMEmz9jjaPBxaf9X15Lv9KrCSCPuVwbyToKXLhJkZoiuW4kVv9o6Xkb,1727081960
BR4uULXUxbVUNgFjLWy9rSWeTUnUpNVcGt8mDaXzx6Mg,4rogumWG1KCnHBR3Vp8nWZNBGURtmUmadmcC3XDSvXH419Hmy2HFRcAJ6PWsERxi2ihjXcHenPdQNguwuaujnxyt,1727081838
BS2smLyAUpPfoTRZqM2RkAaevDeAw1upDxZveweXuZwY,FXoCs8bBFjPrefXk8pPcSHqCRuK8hiYMVHQWFpaww28pFdBHTR1EZfY5Epap5dHnDbM3vZpP1RpbLr2TMp3pTxG,1727082122
BS7chQYYG5Z7bDrtCs76LF8jV3Jc3ougUrb1Dcrck413,2V2epgaEr8KFjLFUYhk3mEwTnziJpHRQcq968nDGyqczwKpcLBnWi1Gn1HpfFf2gc6eg1cm5ecy2ype5ePf3Ubcu,1727082111
DWs8wmLMU4X9AhrmpugwuhCjk5i3gjJuFMX7erBcBurt,3m3qZHmRKQHUudz6oZHS6pWd5R8Qqp5QB9ZkCnjz8AbeCifC2n7SM7EGsq1sfxf6ykhi4C7RB33VErEyHLXSh1SF,1727082220
GuiU6MpLahPHSHYcsfSRjwLUm1AtZ9zP2eiLAkJMBjg,5F9XuWNZ5iDdULSQmU235HmcTtrdjnw6oc1D8YE81zmroj3f1mcwR2RK8gB92kKn3rJ2aijFWPGTw5sNyCf1ie59,1727082231
2r67r3FRiToAVPkqJEqWAVPjGQHEH5K412VE9cktysU1,2y4xqhUfio51DMWJHcCTVpDofqkuXjWjYSzLb1RugVZtcFKDEWWg3JqhNUoqmZHs5mWR4295NK265AFj4JWMo3Zt,1727081713
BR2C6EbqFUN88s5QfXqMURZTAuEF21xKA3UDBF254v2g,5in7G8NehSy5miTi39mVDSU4Zs5MGt6jtEJfbrMbNv3UzyGS3vrfFNqjvE31h9MmQvPrgokmmdKweRVxVkXemcQy,1727082172
BS5HSYqW3QrqbXy6sTLUXdCMkGtq1ZC72dmTPrSuGXZ8,5NAen8XukDq4ueuqS1kKVHv9ED2JP67KnD26iAT9M9wGsPupLZL3PMaN5ckXeUf4gLiQp5DD6LXmXc6VPZWdRhhv,1727082254
GpqYjwxHLwQiibgRMKbwk94gunvGAyCz2Ay2aV5utETg,2uVRf9js1HtbJyD98uZLWFEKWjGNQUBKNLJ8ExGmAhBG8oDtzz2MdTUgoMA6Dqa7XBuCrgLVFYdUHYEAXV6hw9bW,1727082279
HHAJJwkzN64mA89zGYDE7GaakzSsnabpjDFx57GXeAk,TpfcavB3SeK6gZy5EEVyeHr5JsMtgcjn6VpYSCZcUsMxTvCQYNmNC8hnNuBmoKHZnKX14jAte9mP5sDNMEZ4UYY,1727081796
2Z7b3LwTxt86je2KPXh7Bwq2avCxhVmx6Vf1BYApzty7,WbR6WbB3moJv1UMEvaoSqJSGhuj6oBY3a44SVncmbLuES74L6cgBtfjmk1skCTNqUUxy7Dnzsz3fRHN2Rtam6zP,1727082289
Aaht75BTNLSaH6vVmCWA6rvZW27F2ozBcZ4Wd6SNSjgW,3A2Hfn7dNAFKMJrqxn8rwuC8pK9RBAtgp1QsqRWuSUV5BMqEnpjCoekvsbZCuBrLitjjMY5kwL2nxyQhK6Sfajjv,1727082257
As13EmVBUi5QH9mauokryKknbCvhvXUqDCYRsz5F6aJh,R62VmfAgNp4e8x1UscWgRQpV64HfqtCDQTNz9mWxBGh9H3RuAYsAMX2K4tTCdTj2Bi6kyX8YMe6rwkbsCMWuYR5,1727082255
BR3Eq8gUiBWRMcq54TgtwEbT8QqkvVjExpQw4K91jQo1,4tHDqiPKiyCXxTWD3vB6fWhfjprMTPxPzsvFYtR1ttjNEYr2UmWYfJNfrQWLWV1Hq7V9wVuQpgSov3pWdu9NP5Cw,1727081769
FZ5e4aUGY31GYhejxL14wcx9HocafWBzCJEmEQor4BtZ,2RdFgnPbKoELpxhxWkMMhjACVbtioA5RHWfYMgoRkdbc54BN5iYKRSPmGVcQGbA1kGqFWg7yCqR7cskJNMtde7yV,1726285401
8sjorkPQjyQmJjzagbbtJBNR2F59zBF1KJzZ4L8YNM8v,5Z1CBMfVe4R6ns5zy6m5o4cQZibH8s4Gy6Mi8g9DUPbaUbNcsQcfnJw4vUoEsoSVBcA8684dHEq3D9LpJ4GrF1YZ,1727082306
Gu2FXxNHJpHGoiUMRAwamnN8dCWWsCtqTAVBCMMMG3oQ,5xpsQwRzxC3qn7Mo2AffGqvXhafvEqDoWud9W5ry5bHUkncNURW3pMurpZeh6LQwnYVqY1QvEobofDpV19v18Wy6,1727083405
spifVDiM5q4nFaC9wuHvTWpvBsKBArY7zso1gtAXRh9,3Nbow9QLKU1oETGYcMK3GUC3LhacB2dipRpsxtEA1dYHKrumwZHyL36nBgtc71KMmsULu3n3JBkUVv1aVFjAyPkW,1727083498
3PccF9nM5sLqo56LEbNiW5hvGYrrnFpMkza8Msq3c9Rx,5ip65C27ECVaMJBS93Nj9Jb36nxkEBFiiFBA3nYprumWF1TSCNWc7VqNnKyzNduj7nuvDkTgjCdD7A4HzMkk6LM4,1727083487
5y5jCvdD6uTPjWbQtLj8ABQ56jCor2SxURidAqGSyviw,47LwzmqffvJNF5coLWFNUE1xVhmVTT4vutAHZhzK28WFKWXjwSJdP3Cp6Qe26W8HQGcr6WHtB64hQorNMgMyhsqe,1727083615
888DUdR3P4fYa4Es5AVvJhoqwQGhFV56NotdHt2gz3e1,52o9yVoWNn8GfZ7apGjLuadwZ4RSZeutoCrdt82X9BWaJ2y1ntZq2MFUv1o84NcVN9NCsSjnMMPUcELVABN6o7aP,1727083577
BR5JKc2LKWLg7b1DKrQBKDDqs7t1xB4NhsEFEGbgjNzi,tmN6zXx7szzhkvmfBtp5WSNeZ8cuwCCXsb3Yjvsn6AGetSW5m5r2Cut5zm8pb7Bnyho2pHwhDpmnYJSuXoRRfmy,1727083405
HoJV13ZouHwqQGmZd5wKdx2boRcvfYaRofHVpyuj5RWN,2hzbhCpwhZ3RqJSUFbQSzeeQjLHKR3ZbSYxc5px4vTcwpJ5tzX9ykBiBPSAwrQh1QzchCoy4dYcezkoG7cZh1ETH,1727083577
3hnzkshSGWTXpaNiPSVovLhiwHPh5UBd1BCwt4GzdSr5,qMiRFmNPifSNRTdRjTiTSE6oAPgoCUWiRt925NivwAQjwyfQ6UkampZZGBYJC8kjaZqz41vG85cHBqQoXptoeCP,1727083655
6nATHHoEC2qTXi7Zcu5Ad2NcSTzUU1SaseZvv3iifgfB,8soGuqXtkrYfCXSApXrU1C8uTEn66rMQw2DyrdiyCF2fY57cznyZpjrdPmcA9Bc5CJPt8V4pDN1e3TiA3xqA1Kn,1727041211
BKVfEma7AoGmckmFzyrwc5p9Rx2LxZ347od1hs1aMHTN,235qvXPpmtri58tSyDHWwEr5Y39yuq7TPbBJVjFerCXF9rkNeA4NHUo2pojYFtBPJqqVxSNsAaMaeaiYVXqkMBi3,1727083676
2c3xnhXQF995FVPfi7gmhpQd3iisYcgYW2vgLK59GNy3,3gs8pDAiyqjGYG2nueATnfzqQ5Ga9BLFoJ7qwPYvo5r2MP6iHAxtgNwG4iiVb1gHQwCh4efyjLpgzt8ZsD6uDu38,1727083620
Ep8EjzdoAgqihgai1tAGSMTEGZebHoMxMfKbE9hLE8sy,3fWGCGFoBFMV1MzTFHbeWAqsYPGYRRScrUMdSVj3fAQJeYpXJt1feEyrbhYstBq1gqkMJ6ZSGQzwWmFDV7gebhz3,1727084238
G92Cmw52dmcmaXJfVV4X3cwpiCcAYoWcVGJDp37AZHpw,543cALp2jB7Kjys5uy4Gca9kMJPz3jBdJ7wJjZcYPLXnN26eCXaRJ9TrrhZDeynnskEJ1iEy4pMMv6dTGEgzqEgm,1727084288
3HC9tHdnrz9iNsn2o6P6JV1aptmbUZeA8kApzsxuHPfX,2yqC47tr8fCE9ForNmmHHHuMYTv7CS1rBZuLZqTPxLKSeSicQvvPExRQNSv2q3Xh14Uk6VXaz8x4MZjUXW3VUPwy,1727084219
4eA9kBX1VYRnWjt3zwwAcAStg1rSomhFZWpz9KgF2Uyk,mBpEMUmkZ7EVtNbYG5w5EspW2YQajjbY11KictgrK33zg7YG4eQNkWKcY7TfdrzsA8BdSD6G8nVYk59sz5P7MAa,1727084918
PpUP4nSzRksjrVmoHrye7oMc3s8SaGcWMmJ5LamPgj1,55Kny465rrF2WRHKxs92pdQ8B2ieSkS6gBHx8sxgi5uCZvvkR6uUtvc8RnMPPqY3NH6db8D6DyUUXtFeVeP1JtKW,1727085198
2DYcBqV1Mmov1qchcSpfTuzF6sy5Djt4Y2iEvF4j4qBR,5QS4Qu7rWsuXgcnhtsoEtZaUQX23rEv1gan8xASXsQ72x3oAFhxU5tMvj8tsaj3DXb4gDEskoAvhZbaa7Rzgt6QJ,1727083700
6DBRRXagTDX4yzGSpSZZLUv4LWzSehHWdFxPt4jk8KfT,5Nu5kCKuqz23E6kziWZ9JE5r5ba9iWgsRcRyxPWxTxDkjgrcw8U3sW9zQAwNwpja4wSJGZVom7cpKpjydsdVR8j,1727084834
BFc1xoS7arRpznj65sgcumSjUL3SUPpdwxqKRQPpakRu,34LbuNYoy4mnAwbcmkbU3WGB6hiRdPg13xa2DPkfGwvsNYKbYh87moxLUVSzL3T3uGr26agsTmPJKrN23jaTKwNR,1727084615
55NQkFDwwW8noThkL9Rd5ngbgUU36fYZeos1k5ZwjGdn,2sndA4HEEKvXkjnXhSvj5DrcR5oaHmgEo1fqo4opkyuHEhNaFrHaRifZHbwy3eFE7jL8X1x2Txcts3QKzHCVgdH,1727085324
9V7oAbigKVQjrbM8dYYbcYBqmCCFEhXLxox4YuJRXyV3,3DiVp6PoecXq1p41ePM5gmWy6ZnpZSQfi8DPEKy5VTpYkwbiN25aU54zs1TvTmXqfDj2piky4w11MCh9QMX2WaM8,1727084736
4ywa3NKfWRX3jpMxWydiWzELuSbdDUhTV5QnoGexjV3e,ctVpiZmo9uN1YAejsUSgbdYdK57unysZJeN9kdjibMnHaF2AyK676VFF129H8PB2YS9UGQAgZSbWbqcghwyUyvn,1726973055
AgBiB9AorgWcyVCiTdWvwt4UQDfFJUJgUrqib3sp88Td,45T5gq9FrA7HCMGutrM9jFwbHTjvbHaMY55hjVS4aGHiNx9iMHhaz2WSa9MAqKpDmdrMEvzrUdAdEpsBvD3EH7Em,1727086321
CPKPY3YQ2FRAynxoe6cesP2yJ7G8pMwwRqFrsXHCJuAw,29mJPSDPPggJToxSzhEgTtyJhGWA74Qknp3VfDNjZusN63QzeXsG8bEiexdbwxko6Xt5ao1mqx8gtkso5okcsdt4,1727087090
CUbjfUwWTfbDhWauMQeZsVBzZxTJBKZ294Ftu6UqbnVj,e6HE1iEFY8QRfRARf6Qtnq9adkY2hViyaVLTtRVSyZEpbTRfQgeS7sU8RGz1GnT5sHat3v4832MGq8SNcnsevQF,1727087113
HCMRVfbhtQMRXGS6w4K5a57mwugy5m72VxGFkf3K4nt7,5iUoyL4ZmJUbCqRfn6xzoUxfuFc2W1irWDdk49yfQixJ1PrEckDAbA82D4iDqcNQruiiXLGwUMqjugrjrZqh7yAj,1727147575
phatDBorbwFhAywP9Ts4fhJx2NNcnGokXmwgYWjHo5J,RwiU8caA6j8WKLK5RQxRo2CocAK7e1usxwfco5zi2B7kmsDSirY6cdBkdgmkhoFWNhGjUk1wNPQwMcc9uGcmRAu,1727137700
3hzyMk8zB7GLumhALnkXHeAzX3RZ84DC8DH5fT9QfvNj,63xBpTqqxEd2Ri2Nu8rSeymGMLfGRHz7aEAVC2w3yN21NUAwsaohY9LKsNew5eLNoi4pwS8mFLaJFLLrFTN5FZZx,1727148454
8g6LpJRc3aAw5JNXSD4f6NQgcjrG2U83jaNiwk6M4a4n,5xh6oivFBtnMcf3pEVbFCmrt6vFcUZyew7kFRFg8D4Kp8XvbCK7EWfJVpMwM2wAtefyo7eqghH3btNWwuhtorCzo,1727137935
97YANxfe8dSZHMAWjicrpnBcH6nbXaUVF5BHLMckkSfH,3QQvAWJX6zEM27EJQT583ufAZTEZ33GEfypdfUdivTJwANbGZP7c4Ed9NJWvzXVYqgMEbVksgXZSNHrV81r8tDXB,1727148227
98CPAV238y15Gt86anQJfLhWPC45nGcP6MARrS3dqJEY,592bXmS98U43TSYJsDfRxFMmrxTZYv7TgsrnSELsGboiDervyHXPUSdysTMrcNG9jxAnCdgqrzhV1qjAXoA1XQXt,1727147572
5Tg9goBdKghfCxYZZfDaVPUkGP6JNfGK583woSxh6jxy,2Bf1fzMHFPTHRrvSXSvvbLLuzeTyyHJU1714axWXqADSMQ1RYu2R7uLnFVh1rhh28usJ8DdF5Q9fPdDyVWDBLqT7,1727138011
7grEJpUaWyNnXj4ZZherbv59Zc94SgD6T2b6S8YtXALB,pfuXm42Z4ULTAnCpzYhnWMfuVXUkikNPEgZNMiayjRb9U4tWn6yhvuD3R5rNEhvfWNQzCrb5GSL6bcgdf4B6NB7,1727148533
AbTiNmCBSTCmUxuCqX2FErFmJuX9shs6Jur2eo5QXC8H,4cZarmsYt8p1jj4PEMKJsNPPvarwcWbmGWwpbQkN4RCrTSvthYxaGJvasLMVoW7ddTcFndj7qp7escH199gqcNvu,1726628378
64NPqK192hdBqCQR5tmUr6ScmG9S9ZAeJspQX3d6krap,4fBDi9oVpxjtqiWAEn7y5k5BJVM1khHDJnbWpkxJrFXWSFWr3B4L2WNJu8PbATwj54ubgBneyj6HEXnvbaKMRomM,1727148116
6v3nv8BUJKpXvnBnD4ZvpDiG3u847ALLYyo1NACn2zmV,4cUDsfaZmLEWk5CcD5n7HHzRaEzYGkEEYyUkMftnEZqg1cas8wYEc2Gxk8Fc1n7sbZ4UiCf8Rbgat2eSSimePUAv,1727148373
G3yLC39xnArSdQMFcndxB1K6mQZS76azTDT6gtpFP2by,24zkv7BouWXhrSD3nFwkYKuRfNTNZ23M1MshVsommMzqfyMRRFvmMwd1d62akDZzNUEoty7stYoP5HcnobQxwum3,1727146648
GF4LKnFPjdxrEj2xCo48M4mcnSBJk6BXbYJ4X2tYpGFM,3udBDUxWD41uyiicxxcUPZettzNN873VhMj2UWvqXdyoHwSWY5FyVtHrjW4AnSsDGEiY6kq4n2znu2mZhwoXf3p4,1727146834
HrR7cxZvxXtDeUKXEfnwtvaL8wNL6mWJm91pRYpnh5Dr,4sTSqWVLb4R6f9dWGjnstQfhFGUthehEGAx77CPwuDyiBfZyGPndAyS3onqhoqtBzyPZHd2v6J2cpTFHapDwuE5L,1727148536
J4KjPobe4TNgF2m4pNRAu8dJKFzh3xsY4sWtTfm9PdKi,gZwEzFEKz4Rg8VEwCJAcD3PEKURq3wDEBofYt9c9oaTycBdTT2SSsmboGXm2QanASPPTyKPSChELSGqg7XVJsDc,1727148528
9oVKiu35kR9rTqz2Ev5kbHwSAFJyXq6fCU63d3Juugam,4gPpRezRVbaTFKoC3ZJwmnr8Fd2tkP4VLzWKK6u6gAvx46xcw1WUtJsUSyBBYyQReSDHCYQyfaprhZyE7SuhLA3N,1727148454
BHACWEhCyZu9X8CkNtmqcptaU1L6Ni15e3vgfvbMqkJX,3YcaXkL5Q59PNvzDiVSEQMQdbK4pzkceZ2EMUxEbxvLhQ9GdGp5y1BR8r34vcMEqSDSKBXSGANXUUCXWnamaXvRY,1727135160
Eyrh7T1E9Gcvmdzcvp5VCWuFPPkMUGxX3wn7TRqeDEp4,2wX5r4V34jTt3t1BiDuKmP4KQJ9z3PSHAYiF5SQXyKiRzCACPYWTjgnzMKzZ7PJxmsahnbR16UrZaAgBk1or6mjz,1726164351
Nang3YYjznHAfiSpQeUQMANbXLPt92dfR1tvhs9X3wT,5s6NutPLJu4e1qzZBm5LBCC8bvd1o9SYVyM9cuTvd4JgMxJiKid8xANsmzbqAx2sWXXMnZs9Td1Z2p2pa64onaHu,1727148422
7UMjMyMMQ5DXVqVNLZpCh5d2HwSyZcviS7n5cbwVixfB,2x8U4X9SLoS2DGJckvdRz6iFkizagvTNG7BAKdoJ8eLraccu2oVBsrfyCWzc8mTdz9GcxU1ee3sUtuWWLLCiTSHV,1727148762
BJcxXxr2mSr71SVJaqvHHmdxHUrYRvC4sct1wMNZxirK,o56P3zcL1X1usWnxqWJd1oPXbSc86iZCDBYfeJ9LXwKCz8diiiy6ucPaEyepWzmwziVkhYucoHF72sYsm5zKzKQ,1727148848
ErNV6TeEJchvAA5TzAZGWGLAJRYXxV3AVbbgWtYGB3Sn,3ochf8n6KTM69szusZhveGgsHyzWtTdiS4R7UyjSDBYZ9Zhtaxx8P9du5DGBcZxr3e4gqJwKkyfJZ7Nk4L234hqE,1727145467
6qhgrrFAoXK3Ne8dishG7zSga13U973QDnWhdNawfRxG,3y6hurijwEwcsdsGuZVUCtKgwTgyNff1hGptnCQpBuDzVVb2ELRAQyybEm9vJRooNPoWMJsgdLXuhEgbmjbShumm,1727148383
BJvprCNQFZ95Etpmyii8v3VdjQCGaWqABACi3WpBryCS,5xweAUL3zhQ2RY9hXrCoD6tp34gt2Lxmih1dojZxxdEWpYzqmTmMFqJ4MyaiVNMD7oU7op7NnoUt6UdEMaE5yJw4,1727146708
botHafTYyHnKC6FXQwCxSP3x84MMpcfUMjaH6B8UvsH,5NxKoioQJh3a1eVkRMKGK8qc5PWX3ZUEpNStacYRd9BmmY4B8U95vQTW2d4FTKHqG514Na6P32A5Q8rFdm7nU829,1727134994
C7buRVxyAiB1aVMVPEJXJgtj3wY5iyaz1SJhBX56joEL,4HNBQWgqYrgXaG6Jksav88cZak4NH9zTeRMeRbq3ouTqiR2A4LHZYGnfunerV53vZgDbxZyQL8oY1JH5C72W7nLE,1727137894
E2YGX6uiyZ5d6q4aPTf7KB7nZDRxfpr3kXzEPJVowuTu,59hXqf34u5oDFvKmnKXhx57g27GfopFtTQu73vjPKwxKta9Asybmk7ZWEHBJH8sciZ9ENZ21PiHrrv2JiuPJSgs6,1727147888
GUdRPDU77phgD5Rk6N8qD1btmsee4j83tQhF1fPR94Fj,KSdVotHNEPjzmRcYR22n2EkW8KmKX88VCCM5yqf5h8T2XaBCifmLaow55UEzteBpobLHgoMzLFVg8n5xL7ByRAw,1727148886
3U9gS8iQZC9yFtpSzngroY1976kxdNQTHNedsPupqtSj,55RszrWrBKWAgV1uKMvPuE1AjgrRk3JxWbSrFGaKqvHvF7ZtYGKsBCgTjGZSbqjhno6PtpnC9ASVeKrgtPHmCaJL,1727148815
8pY1AukbuPgUE3EetyLa59rFLMimJGT94ZzbMEZcQF4w,oWgqqhxPSbfB13VUUZU3cxVnJrfD2N5sDFK8aLbHW1vj7GwhCNe5Q1A3Htf9pipLoycXoiycFPhgJPh6yhG37iY,1727148652
CLN7JFnkMxD8USxHPgHVtwzWcwx4mbBxoSYAjXvXkoQ4,3njeiDMkvQVsoKS9CFXYeqmSMaPupxN3CtDY4BFrUF9RKVvjWUWPz8bgp8bJnNvVYLYMkxwauns2Ame34X3KJRCZ,1727148473
DSDVezjgGe3GerVXJXQdfuzP9LVguUwwjL2hWkwX7yhg,3RXinnHCm5EK92SQzXuMh7UcuN3cwiWFsSiS6jXPdpd4Qhze5dqYEE5zTRTE9DCyeVhEWu48kugP6SZMxZLDRiBY,1726204017
DwGrGGLDB9sWj7di4kC2NhU5kvkqhPNXgEWsJkq9uEQx,3y2RZV6p3XBsj3C2f9e3Ks5xHKKTdbCFAvVNmqMHcwgmX6uXXBe9zK47P6tpw4RwPoAgjDsH5W16PhspUkEARWAy,1727148917
K1tChn2NETQd9cCHe1UmUyWP3rDA92gP1dH4nNyEJrx,p6eEX5BPJ67qPEY5dK7vffyjzyRUJX8fjY2cTucQkGSbXNi5waj48rSgtTood3ZsGVS7jqhrVxyEkjkL9a8Ko1o,1727149124
2vsauuXU2VWujwidnvDrPGLqdwdv4hFGmPQKrQvtQTdv,5cy1BHUGPKF9GAFNE7MqNTEUnr7vd8eUGqGuhMEhNga7ig36FqwquHZFXE2nDHfzzLZEVv6fjvEsoRYyMErNAa8o,1727149083
5JTyKyP3GQYHbdPbuvAefqrayS1pGE5JGZMnqxaUzEQY,3kF86zRRSyJwnTRDobADSWUt287wz68K2KpcBLG5o819PAC1vYWPpcyv4xPEeit1saQ3zSRNyhL37z6YTAa5UxNw,1727148985
9TsCR3aQJ36EkBRD7Mt1HPyC2quQ69fzDs1x6ohwueMm,3pj86i1EhmtXnojUJponY9BJ8EMboNVi2SzyGBtjcYtfJsYVSYc2T2r8ti7YteZBJPpw2rUPjo8SCJChxEdeScjg,1727148267
Awch9PiL7nwQqKNjXHzJd1KvTkFtauVqQDSjdUTqe28n,64mqVyKJwVpE9EmQnR6u2hoibTX6LTWP2GBUAsdyxrNDzVXm2tK6r3pCrkw1Ksfu1jxho8VRKJ7SofkKDs8xbi8G,1727141296
Dba1VvRSuVTZdB2wbYxFWHQNk2cg7qYUbcS5cxCZNCgo,5zEGF46CedPgJ116c2Kwtk9UpFq1Zzq2grad6h4Y6pXJb67PSWYoBQFbwDzaUQsvqCUK5pvtYfc4g3NpnxtegfEv,1727148240
F3sSa7CeNHbZfN9E7PpbQ76aPmDUUZnj98BPWjo8BxrC,5At6o58UwnZUzwRvEb4dXZL4xUKDijTjnJN81GUXateZ6MToWW6wJmZFtyxESBLeAdPrtUKHZ56CePDJzyNf6fq1,1727142603
GrQoNB8AmDw1CGyPY7AmcBnzQ3qpZE34aYPx2yDVfMWN,5z75wEirMVBTyPnKaeJTX8QhDUNcUy4i5K5o2DyVLBDxuEFM2miX2sQL4AGAHTPtaWbxJiBVfbe72uwyp3vPdCUw,1727149184
2VdzLvPZrpvgwT5pUjTFZjDoJZonrBB2xm5jbC1KC671,2rs2FKHLhrWKjiz9X5bgbwVcFF9BGXwLKHBSEsyhHbmRr3XiMEedRFR4qZtu5Udd7pbjYiGkApvFvq9xLZXXn9ff,1727149226
5QL58UptbYFNmwPd6XdraByQ89ncG4d42VYaraP92DQp,31RednpgyjFtAiQwssSnYAqyfbfLCe5t71F6WFRBmwigLX1Yd2JMwmQHFzBuBiNML1Pd1ZivsvBLRX11kErMtkFs,1727148935
5u8iBVuPSxfbje5WES2b8hrH3e8f77MaUQz29VGwVdPg,VSNtqv2vbio4e25ngCetvsmcmaPzhXShSuBdMvBmT7ekJTyXbwcUQo2PUQ9KZGm5TPSzgHNTN3M4PuqBjEhkMLG,1727149211
CDmHz43CogJcSrMMaXjG9wtH3QZcsvrpmVEKPVAV8mZ6,4ATm4rpT2uw5PZKsmB7Ysdq2oBGxVAc5axjYUFQfj4XQJCXjdjMgat1xNwBA8bwgE9nzPGHvhXmznYZ6cVKQ37ar,1727149197
E4cM8vkEBsiSPhGyDnFePXNdGBvA5ueKp8RtXcEM4Gnh,2BLQU9yNt5Nxe695fos48sydY7c8997MF9vLUNLnPE4tXAvYoEuVKppRJGmes6fPjtjTP3xK9rgkt4c5Arr2R7Tc,1727149283
PPnCZFkVDBHXLLs726Nm5BsipYXpxec4x3u4NUoe3i5,2y6ByLEy1VHNFM9AnbxgXjm86W7bMcGvMQTnrG63t1mk43ovCg7g7vwJiyTwmERxynf895JqQpg3UvkFf244drUR,1727149217
54EiavhVatcFbcRHKm2swd6eB8reyib3kTkDGScoGjGK,2fiyNcK3BT5N3zojih1AcbZ3MKfEFjaKvRpExHTwwFLvctz3oa9sUTkaLM7RrHtDhxRaycxY4JsPTw244yYQr8A4,1727149277
6exdeJpSwbwU7kF31PuPaTHQsparyd5P3Etk1gxH6Fn4,4UkKRRPB7z7ugf6sihpCWiGmS3fVGLi55SNQm7gHd9i2jJabb5jQrqcPyn8PGpMm5HqnaaqjaZjxvGEXa9afKhYM,1727142161
A32qzkjjiWeqKSKLEv3UpDXaTeuVRHG436jGpHi1uYs2,2F4ecbTrJTz5ff7eqhf5hAsRViwAGRMftWuX6mia5XASpNrnadCYKuN3tcLjmBEaDBwtS92iB74A1gcJCwpyaPuS,1727148040
CySsJnkphv7XVidBoj7hRP1rYuC2fjiNhFva73yUkaLe,2WZiRFZ9gmDimbyujk8Pj4qCt8CZxRYDWmJ8bg1EBX2ARbJdC8KM3H45Q8MpSvRvUBtoZKSxadqc83f4zhDH7Fr8,1727149353
EbUuwxEQ2Egb7CU4hdobErpFdyRAqXoLrrHoAm7ndbFM,2iWZxgK6mUb5a1qo2DzoGHdUCE1Gfd7nhXpMprqTKX59dqVtzWpF8C7wUDGN9KNQ5h2LPrCqahv51s7TKYqJD91x,1727147671
GgTByGf64zBFPYQzf1qxECqpT6yXnqUHTz9LYst3A2tE,2VQ5Nhu1p4YDzRsXDxtXbDUyfXvezBFNG96kXEvCsLEDeW3WasNn6ZM9iQQ1tg3h68whYQpGCUtxz5iwGema6rgq,1727145749
4GuCwog2qikUd7ezbCw3nhZitGfD1CmnNcXmkra8eN4n,SyiyEag655k6XS4SuGia4qDjs8p7vwm6fAQDVR9p6xtxQBhDCSKxyUB4eXDPpAPgTTctLDh4ceRMtJNsjVm2mks,1727076039
7kA96EJd2hvYxUtFwtPPThhRSwiH16YXorbwWpDS7Bov,65JwuCJccxTACTk64F95acnA1XKThjdHBmVsHkzgVCUDFigrC8Qug5M5ddxnxBi1EeN6Z4Vsx3QaDrZAtmbue86V,1727146523
8Sk8VTUDG7ZxHnevvN1d6JRYCHqyMHnjYoCDLbX2q8PS,3FvciZ4hapymCJBFk3MMJQhvSQJNATR1okcgrgXn8arXznwtwJd4vC9VRtUkYWQ22Nz1mKXfrtVHMyv9eRFQ57Da,1727150273
AM2MgW3Vg6GjEoPhH7wUz8r7YAewstxu7SRQ6B6qkpsg,3wD7MozzLYHUJkUf7hup9RChcSvZCHVLcWPDbpkVrGLQ8ttWZGTtKU1jbmXWDcBZh7fkSetHJG3DPtFjKsWbw6r5,1727150550
benRLpbWCL8P8t51ufYt522419hGF5zif3CqgWGbEUm,46vPQ2oUhPzzF43GyKkXW94x5t5hFmDKwJ7EigUx71rgAQAK8PqvTBDht8eLw7oguavTVhefiMg2pHsmJh7RFyQ2,1726972908
DqPLV3QRtMZ5qFz3UrfdJxTkuysREQdrRfdscJtV6eWf,5Tbmx7QoQKgG8D2r3dChP8Yy8wTPCMRQVYbrjHiMvjQKDj9ypVoU3HE9bWEUhAWYMoEoneMvFnC5xF6LXCzXEdfD,1727150569
DWdgLuKXJaDVz6tGdbfkxjjLDF6Z6h99GEgfTgTHAABZ,RPWJARkdxqXCNDvphHzsWgiavDjkbpcNeZPoJ8cPkgYfXugWeLyDvcfHLsubwRXTKcrXtWHy3KMSiT1AnGcMy49,1727151502
EzGoCStgNU6vogUaPSL8BXNytqU4QNetFTuUBHHQPF7n,4nvjHftEBDWuwv1GECMMoHUByogeqPDJHtnopKu8AVB57Msy2tEE3bAu3gMiTon3z1WNy2jZJNgacfDz21ij3EPk,1727150889
F9RpqGyRyzhG2DuQW8kbsMpC566Q8bXfbufiSHDBxJCd,1p5MngjpZ84AVhHtEpdsebW931AjBwdKc3Fem3wU2MjCarGB4QjfEKewKLUzcsbK5jzcxcSAo8GbzzPbS4yQRiX,1727150428
FzzvgvCcNN6jz7hFQiWaLpSGifBQwj4q7cQFRpYZtFsS,5ob4xrofmQh6nGH3iJErX8586TUJ2YYpMJBoRp2C1gzn4wYX3VVcwrJTu3CqK4mjuPGWijbFzBrLNRK3M6segLLZ,1727149848
4eL4FK7rnaTnczNyaWpxuWtkBRLoHfPssM4he7Pa6jBJ,tK8iCzPdT29pGf7A9gPSikBZpX6qyUMhuEgByUM8AdoAhGQzMv3SoK7gbHpW7VmeMVvviGY5C4LVGpWwMd6h4RP,1727151436
4WC64RFNRuVdCRGwEFrRLhgbgZkGGMLPhHEZS1nQ5jPN,5dFDXrp3PmXP6q7kAFfc5DbkCzi5eFXm2DrCm2mqrMmgbXXTSc58oJCFtemYcVEB1X6vwySkyUBHLJLTenkSrWmj,1727151502
4xjXci9VNv2wmLfM7tw2qwnp2nxjvc5QqD5k3cwr3aDf,yLpMPrm3DxkgpvCt6VDGW8XuJPUkqGa71E4TsAqo5ckk6fH52xK7cG3Bgdf3M7XT7hFoLojoe767jafrKPHgyrq,1726230921
64SvDrrePZs9hDXB4a5NFsYs9sh3PCLts7yWEFm5SGW6,5cg9wX4xwRucR2gjGYiTLQXT3K9excA5m12CutKzEEamo985HfgJzrDaa9J2K5ZWRgg32Pd2NanNW3tUZSUvmfZa,1727149699
72e37s8ffEvNLGewbnnq9CJCUdZ2Mx4NqhsQyHZXKfVv,4kcsuyryXFfw9abdDopRPdUGwhBGYMvv9oRBem33i9Xt11sEq5vKgZW1z1Z5F2K7pATBrGJwHnzL4qFtoZsxZu5b,1727097305
7smvHysZFD7y8qVu8Y8X4z3ResMSNsf1frEwfXeMDrUT,gDLgeyFD3zvFP34HmaRSoejcFNMAZj2iCdChEMz6rEf3mVBLPV7zjd2xnEHvtvRdznxt4AVzDbgDoVaYUaPyJMR,1727151437
ABx6JcDx7b9aL5pHWcfeygpDUcaKkv2kz3egH7Gjy8wo,4DWuebPymbMGQjJxmqYKZiph59q9r3DR5pBLF4VzNacHF1WjaR7u7cHXwpTZC9zm7CqQKkjBPfmuLosWLHFGt2pL,1727142328
ArLymJ5DnSTRZQnhktTbmo3vnsBtsvVEQmnAegvCmj1F,32s2SDKkjuhiUT9DUpMFABwHxSuAb3x84jwFb2yygQ9m6S62zQHJ3WXgND4Tay972JcLpwrpxPV7zncciN4TCdXm,1727147850
